<?xml version="1.0" encoding="UTF-8" ?>

<!DOCTYPE mapper
		PUBLIC "-//mybatis.org//DTD Mapper 3.0//EN"
		"http://mybatis.org/dtd/mybatis-3-mapper.dtd">

<mapper namespace="CartMapper">
	<resultMap id="cartSelectMap" type="cart">
		<result property="cartNo" column="cart_no" jdbcType="INTEGER"/>
		<result property="cartCnt" column="cart_cnt" jdbcType="INTEGER"/>
		
		<association property="cartProd"  javaType="product">
			<id property="prodNo" column="prod_no" jdbcType="INTEGER"/>
			<result property="prodName" column="prod_name" jdbcType="VARCHAR"/>
			<result property="prodDetail" column="prod_detail" jdbcType="VARCHAR"/>
			<result property="manuDate" column="manufacture_day" jdbcType="VARCHAR"/>
			<result property="price" column="price" jdbcType="INTEGER"/>
			<result property="fileName" column="image_file" jdbcType="VARCHAR"/>
			<result property="regDate" column="prod_reg_date" jdbcType="DATE"/>
			<result property="prodTranCode" column="TRAN_STATUS_CODE" jdbcType="VARCHAR"/>
			<result property="prodCnt" column="prod_cnt" jdbcType="INTEGER"/>
		</association>
		
		<association property="cartUser"  javaType="user">
			<id property="userId" column="user_id" jdbcType="VARCHAR"/>
			<result property="userName" column="user_name" jdbcType="VARCHAR"/>
			<result property="password" column="password" jdbcType="VARCHAR"/>
			<result property="role" column="role" jdbcType="VARCHAR"/>
			<result property="ssn" column="ssn" jdbcType="VARCHAR"/>
			<result property="phone" column="cell_phone" jdbcType="VARCHAR"/>
			<result property="addr" column="addr" jdbcType="VARCHAR"/>
			<result property="email" column="email" jdbcType="VARCHAR"/>
			<result property="regDate" column="user_reg_date" jdbcType="DATE"/>
		</association>
	</resultMap>
	
	<insert id="addCart" parameterType="cart">
		INSERT INTO cart(cart_no, user_id, prod_no, cart_cnt)
		VALUES (seq_cart_cart_no.NEXTVAL, 
				#{cartUser.userId:VARCHAR}, 
				#{cartProd.prodNo:INTEGER}, 
				#{cartCnt:INTEGER})
	</insert>
	
	<update id="updateCart" parameterType="cart">
		UPDATE cart
		<set>
		cart_cnt = #{cartCnt}
		</set> 
		WHERE cart_no = #{cartNo}
	</update>
	
	<delete id="deleteCart" parameterType="cart">
		DELETE FROM cart WHERE cart_no = #{cartNo}
	</delete>
	
	<select id="getCart" parameterType="map" resultMap="cartSelectMap">
		SELECT cart_no, user_id, prod_no, cart_cnt
		FROM cart 
		WHERE user_id = #{userId}
		AND prod_no = #{prodNo}
	</select>
	
	<sql id="select-cart-list">
		SELECT 
		
		c.cart_no, 
		c.user_id, 
		c.cart_cnt, 
		c.prod_no, 
		
		p.prod_name, 
		p.prod_detail, 
		p.manufacture_day, 
		p.price, 
		p.image_file, 
		p.reg_date, 
		p.prod_cnt
		
		FROM cart c, product p
		WHERE c.prod_no = p.prod_no
	</sql>
	
	<sql id="select-count-start">
		SELECT COUNT(*) FROM (
	</sql>
	
	<sql id="select-count-end">
		)
	</sql>
	
	<sql id="select-rownum-start">
		SELECT * FROM (	SELECT inner_table. * ,  ROWNUM AS row_seq FROM (
	</sql>
	
	<sql id="select-rownum-end">
		 ) inner_table WHERE ROWNUM <![CDATA[ < ]]>= #{search.currentPage}*#{search.pageSize} ) WHERE row_seq BETWEEN (#{search.currentPage}-1)*#{search.pageSize}+1 AND #{search.currentPage}*#{search.pageSize}
	</sql>
	
	<select id="getCartList" parameterType="map" resultMap="cartSelectMap">
		<include refid="select-cart-list"/>
		AND c.user_id = #{userId}
		ORDER BY c.cart_no
	</select>
	
	<select id="getCartListTotalCount" parameterType="map" resultType="int">
		<include refid="select-count-start"/>
		<include refid="select-cart-list"/>
		AND c.user_id = #{userId}
		ORDER BY c.cart_no
		<include refid="select-count-end"/>
	</select>
	
	
	<select id="getCartList2" parameterType="string" resultMap="cartSelectMap">
		<include refid="select-cart-list"/>
		AND c.cart_no IN 
        <foreach item="cartList" index="index" collection="array" open="(" separator="," close=")">
        #{cartList}
        </foreach>
	</select>
	
	<select id="getCartList2TotalCount" parameterType="string" resultType="int">
		<include refid="select-count-start"/>
		<include refid="select-cart-list"/>
		AND c.cart_no IN 
        <foreach item="cartList" index="index" collection="array" open="(" separator="," close=")">
        #{cartList}
        </foreach>
		<include refid="select-count-end"/>
	</select>
</mapper>